id,nama_resep,kategori,asal_daerah,bahan,langkah,waktu_memasak_menit,porsi,tingkat_kesulitan,tag
1,Rendang Daging Sapi,Makanan Utama,Sumatera Barat,500 gr daging sapi; 500 ml santan kental; 3 lembar daun jeruk; 2 batang serai memarkan; 2 lembar daun kunyit; 5 buah cabai merah; 8 butir bawang merah; 4 siung bawang putih; 3 cm jahe; 3 cm kunyit; 1 sdt ketumbar; garam dan gula secukupnya,"1. Haluskan cabai, bawang merah, bawang putih, jahe, kunyit, dan ketumbar. 2. Tumis bumbu halus bersama serai, daun jeruk, dan daun kunyit hingga harum. 3. Masukkan daging, aduk hingga berubah warna. 4. Tuang santan, masak dengan api kecil sambil terus diaduk agar santan tidak pecah. 5. Masak selama 2-3 jam hingga kuah mengental dan daging empuk berwarna kehitaman. 6. Koreksi rasa dengan garam dan gula, angkat.",180,6,Sulit,pedas;daging;santan;khas daerah
2,Sate Ayam Madura,Makanan Utama,Jawa Timur,500 gr daging ayam fillet potong dadu; 10 tusuk sate; 100 gr kacang tanah goreng; 3 siung bawang putih; 3 butir bawang merah; 2 buah cabai rawit; 2 sdm kecap manis; 1 sdt air asam jawa; garam dan gula secukupnya,"1. Tusuk daging ayam pada tusukan sate. 2. Haluskan kacang tanah, bawang putih, bawang merah, dan cabai rawit. 3. Campurkan bumbu halus dengan kecap manis, air asam, garam, dan gula menjadi bumbu kacang. 4. Lumuri sate dengan sedikit bumbu kacang, bakar di atas bara api sambil dibalik dan diolesi bumbu hingga matang. 5. Sajikan sate dengan sisa bumbu kacang dan kecap.",45,4,Sedang,panggang;ayam;kacang;khas daerah
3,Gado-Gado Jakarta,Salad/Sayur,Jakarta,100 gr tauge rebus; 100 gr kacang panjang rebus; 2 buah kentang rebus potong; 2 buah tahu goreng potong; 2 butir telur rebus; 100 gr kacang tanah goreng; 2 siung bawang putih; 2 buah cabai rawit; 2 sdm kecap manis; air asam jawa; garam dan gula secukupnya,"1. Haluskan kacang tanah, bawang putih, dan cabai rawit menjadi bumbu kacang. 2. Tambahkan kecap manis, air asam jawa, garam, gula, dan sedikit air hingga kekentalan pas. 3. Susun sayuran rebus, tahu, dan telur di atas piring. 4. Siram dengan saus kacang. 5. Taburi dengan bawang goreng dan kerupuk sebagai pelengkap.",30,3,Mudah,sayur;vegetarian-opsional;saus kacang
4,Soto Ayam Lamongan,Sup,Jawa Timur,"500 gr ayam; 1.5 liter air; 2 batang serai; 3 lembar daun jeruk; 4 siung bawang putih; 6 butir bawang merah; 3 cm kunyit; 1 sdt merica; soun, kol, telur rebus, dan jeruk nipis sebagai pelengkap","1. Rebus ayam hingga matang, sisihkan kaldu. 2. Haluskan bawang putih, bawang merah, kunyit, dan merica, tumis hingga harum. 3. Masukkan tumisan bumbu, serai, dan daun jeruk ke dalam kaldu ayam. 4. Masak hingga mendidih dan bumbu meresap. 5. Suwir ayam, sajikan bersama soun, kol, telur rebus, taburan bawang goreng, dan perasan jeruk nipis.",60,5,Sedang,berkuah;ayam;khas daerah
5,Nasi Goreng Spesial,Makanan Utama,Indonesia,2 piring nasi putih dingin; 1 butir telur; 100 gr ayam suwir; 3 siung bawang putih; 5 butir bawang merah; 2 buah cabai merah; 2 sdm kecap manis; 1 sdm saus tiram; garam dan merica secukupnya,"1. Haluskan bawang putih, bawang merah, dan cabai merah. 2. Tumis bumbu halus hingga harum, masukkan telur lalu orak-arik. 3. Tambahkan ayam suwir, aduk rata. 4. Masukkan nasi, kecap manis, saus tiram, garam, dan merica. 5. Aduk hingga semua bahan tercampur rata dan nasi sedikit kering, angkat dan sajikan.",20,2,Mudah,cepat;ayam;goreng
6,Mie Goreng Jawa,Makanan Utama,Jawa,200 gr mie telur rebus; 100 gr kol iris; 2 butir telur; 3 siung bawang putih; 5 butir bawang merah; 2 sdm kecap manis; 1 sdm saus tiram; garam dan merica secukupnya,"1. Tumis bawang putih dan bawang merah hingga harum. 2. Masukkan telur, orak-arik. 3. Tambahkan kol, tumis sebentar. 4. Masukkan mie, kecap manis, saus tiram, garam, dan merica. 5. Aduk rata hingga matang, sajikan hangat.",20,2,Mudah,cepat;mie;goreng
7,Ayam Goreng Kremes,Makanan Utama,Jawa,500 gr ayam potong; 500 ml air kelapa; 4 siung bawang putih; 3 cm kunyit; 1 sdt ketumbar; 100 gr tepung beras untuk kremes; minyak untuk menggoreng,"1. Haluskan bawang putih, kunyit, dan ketumbar, lumuri ke ayam. 2. Rebus ayam berbumbu dengan air kelapa hingga matang dan air menyusut. 3. Sisihkan air rebusan, campur dengan tepung beras untuk membuat kremes. 4. Goreng ayam hingga kuning kecoklatan. 5. Goreng adonan kremes terpisah hingga kering dan renyah. 6. Sajikan ayam dengan taburan kremes.",60,4,Sedang,ayam;goreng;renyah
8,Bakso Sapi Kuah,Sup,Indonesia,"500 gr daging sapi giling; 100 gr tepung tapioka; 1 butir telur; 4 siung bawang putih goreng; 1.5 liter kaldu sapi; mie, tahu, dan sawi sebagai pelengkap","1. Campur daging giling, tepung tapioka, telur, dan bawang putih goreng halus, uleni rata. 2. Bentuk adonan menjadi bola-bola bakso. 3. Rebus bakso dalam air mendidih hingga mengapung dan matang. 4. Didihkan kaldu sapi, beri garam dan merica. 5. Sajikan bakso dengan kuah kaldu, mie, tahu, dan sawi.",50,5,Sedang,berkuah;daging;khas daerah
9,Sayur Asem Jakarta,Sup,Jakarta,100 gr kacang panjang; 1 buah jagung manis potong; 100 gr labu siam; 50 gr melinjo; segenggam daun melinjo; 3 buah cabai merah; 4 butir bawang merah; 2 cm lengkuas; asam jawa dan gula merah secukupnya,"1. Rebus air bersama lengkuas hingga mendidih. 2. Masukkan jagung, labu siam, dan melinjo, masak hingga setengah matang. 3. Iris cabai dan bawang merah, masukkan ke dalam rebusan. 4. Tambahkan kacang panjang, daun melinjo, asam jawa, gula merah, dan garam. 5. Masak hingga semua sayur matang dan kuah terasa segar asam.",30,4,Mudah,sayur;asam;vegetarian
10,Capcay Kuah,Sayur,Indonesia (Tionghoa),100 gr wortel iris; 100 gr brokoli; 100 gr kembang kol; 50 gr bakso ikan; 3 siung bawang putih; 200 ml kaldu ayam; 1 sdm saus tiram; garam dan merica secukupnya,"1. Tumis bawang putih hingga harum. 2. Masukkan wortel dan kembang kol, aduk sebentar. 3. Tambahkan kaldu ayam, masak hingga mendidih. 4. Masukkan brokoli dan bakso ikan. 5. Beri saus tiram, garam, dan merica, masak hingga sayuran matang namun tetap renyah.",20,3,Mudah,sayur;cepat;berkuah
11,Tempe Orek Manis,Camilan/Lauk,Jawa,250 gr tempe potong dadu kecil; 4 siung bawang merah; 2 siung bawang putih; 2 buah cabai merah iris; 3 sdm kecap manis; gula merah dan garam secukupnya,"1. Goreng tempe hingga kering dan kecoklatan, sisihkan. 2. Tumis bawang merah, bawang putih, dan cabai hingga harum. 3. Masukkan kecap manis, gula merah, dan sedikit air, masak hingga mengental. 4. Masukkan tempe goreng, aduk hingga terbalut bumbu merata. 5. Angkat dan sajikan sebagai lauk.",25,4,Mudah,vegetarian;manis;lauk
12,Tahu Isi Sayur,Camilan,Jawa Barat,10 buah tahu kuning; 100 gr wortel parut; 50 gr kol iris halus; 2 siung bawang putih; 1 batang daun bawang; 1 butir telur; 50 gr tepung terigu; garam dan merica secukupnya,"1. Belah tahu, keluarkan sebagian isinya. 2. Tumis bawang putih, masukkan wortel, kol, dan daun bawang, beri garam dan merica. 3. Isi tahu dengan tumisan sayur. 4. Buat adonan celup dari tepung terigu, telur, dan air. 5. Celupkan tahu isi ke adonan, goreng hingga kuning kecoklatan.",35,5,Sedang,vegetarian;goreng;camilan
13,Perkedel Kentang,Camilan/Lauk,Indonesia,"500 gr kentang kukus haluskan; 2 siung bawang putih; 1 batang daun bawang iris; 1 butir telur; garam, merica, dan pala secukupnya; minyak untuk menggoreng","1. Haluskan bawang putih, campurkan ke kentang yang sudah dihaluskan bersama daun bawang, garam, merica, dan pala. 2. Bentuk adonan menjadi bulat pipih. 3. Celupkan ke telur kocok. 4. Goreng dalam minyak panas hingga kuning kecoklatan. 5. Angkat dan tiriskan.",30,5,Mudah,vegetarian;goreng;camilan
14,Sambal Goreng Kentang Hati,Lauk,Jawa,300 gr kentang potong dadu goreng; 200 gr hati ampela rebus potong; 200 ml santan; 5 buah cabai merah; 6 butir bawang merah; 3 siung bawang putih; 2 cm lengkuas; daun salam; gula dan garam secukupnya,"1. Haluskan cabai merah, bawang merah, dan bawang putih. 2. Tumis bumbu halus bersama lengkuas dan daun salam hingga harum. 3. Tuang santan, masak hingga mendidih. 4. Masukkan kentang goreng dan hati ampela. 5. Masak hingga bumbu meresap dan kuah agak menyusut, koreksi rasa.",40,5,Sedang,santan;pedas;lauk
15,Opor Ayam,Makanan Utama,Jawa,500 gr ayam potong; 500 ml santan; 6 butir bawang merah; 4 siung bawang putih; 3 cm kemiri; 2 cm kunyit; 2 lembar daun salam; 2 batang serai; gula dan garam secukupnya,"1. Haluskan bawang merah, bawang putih, kemiri, dan kunyit. 2. Tumis bumbu halus bersama daun salam dan serai hingga harum. 3. Masukkan ayam, aduk hingga berubah warna. 4. Tuang santan, masak dengan api kecil sambil sesekali diaduk. 5. Masak hingga ayam empuk dan kuah mengental, koreksi rasa dengan garam dan gula.",60,5,Sedang,santan;ayam;khas lebaran
16,Rawon Daging,Sup,Jawa Timur,500 gr daging sapi; 5 buah kluwek; 6 butir bawang merah; 4 siung bawang putih; 3 cm jahe; 2 batang serai; 3 lembar daun jeruk; tauge dan telur asin sebagai pelengkap,"1. Rebus daging hingga empuk, sisihkan kaldu. 2. Haluskan bawang merah, bawang putih, jahe, dan isi kluwek. 3. Tumis bumbu halus bersama serai dan daun jeruk hingga harum. 4. Masukkan tumisan bumbu ke dalam kaldu daging. 5. Masak hingga mendidih dan kuah berwarna hitam khas, sajikan dengan tauge dan telur asin.",90,5,Sedang,berkuah;daging;khas daerah
17,Gudeg Jogja,Makanan Utama,Yogyakarta,1 kg nangka muda potong; 500 ml santan kental; 6 butir bawang merah; 4 siung bawang putih; 4 cm kemiri; 5 lembar daun jati untuk warna; gula merah dan garam secukupnya,"1. Rebus nangka muda dengan air dan daun jati hingga warnanya kecoklatan. 2. Haluskan bawang merah, bawang putih, dan kemiri. 3. Masukkan bumbu halus, santan, dan gula merah ke dalam rebusan nangka. 4. Masak dengan api kecil sambil sesekali diaduk hingga santan menyusut dan nangka empuk berwarna kecoklatan. 5. Sajikan dengan ayam kampung dan telur pindang sebagai pelengkap.",240,6,Sulit,santan;manis;khas daerah
18,Pempek Palembang,Camilan,Sumatera Selatan,"500 gr ikan tenggiri giling; 300 gr tepung sagu; 1 butir telur; garam secukupnya; untuk cuko: gula merah, cabai rawit, bawang putih, asam jawa","1. Campur ikan giling dengan garam dan air, uleni hingga rata. 2. Masukkan tepung sagu sedikit demi sedikit hingga adonan kalis. 3. Bentuk adonan sesuai selera, isi dengan telur jika membuat pempek kapal selam. 4. Rebus pempek hingga mengapung, lalu goreng sebentar sebelum disajikan. 5. Buat cuko dengan merebus gula merah, asam jawa, cabai, dan bawang putih halus hingga kental, sajikan bersama pempek.",60,6,Sedang,ikan;khas daerah;goreng
19,Soto Betawi,Sup,Jakarta,500 gr daging sapi dan jeroan; 400 ml santan; 200 ml susu; 6 butir bawang merah; 4 siung bawang putih; 3 cm kemiri; 2 cm jahe; 2 batang serai; tomat dan emping sebagai pelengkap,"1. Rebus daging dan jeroan hingga empuk, sisihkan kaldu. 2. Haluskan bawang merah, bawang putih, kemiri, dan jahe. 3. Tumis bumbu halus bersama serai hingga harum, masukkan ke dalam kaldu. 4. Tuang santan dan susu, masak dengan api kecil agar tidak pecah. 5. Sajikan dengan potongan tomat, emping, dan taburan bawang goreng.",90,5,Sedang,berkuah;santan;daging
20,Ketoprak Jakarta,Salad,Jakarta,150 gr bihun rebus; 100 gr tauge rebus; 2 buah ketupat potong; 2 buah tahu goreng; 100 gr kacang tanah goreng; 2 siung bawang putih; 2 buah cabai rawit; kecap manis secukupnya,"1. Haluskan kacang tanah, bawang putih, dan cabai rawit. 2. Tambahkan kecap manis dan sedikit air hingga kekentalan pas, jadi saus kacang. 3. Susun bihun, tauge, ketupat, dan tahu di piring. 4. Siram dengan saus kacang. 5. Taburi bawang goreng dan kerupuk sebagai pelengkap.",25,3,Mudah,vegetarian;saus kacang;cepat
21,Lontong Sayur,Makanan Utama,Indonesia,4 buah lontong potong; 200 gr labu siam potong; 200 ml santan; 5 butir bawang merah; 3 siung bawang putih; 2 cm kunyit; 2 lembar daun salam; telur dan kerupuk sebagai pelengkap,"1. Haluskan bawang merah, bawang putih, dan kunyit. 2. Tumis bumbu halus bersama daun salam hingga harum. 3. Masukkan labu siam, aduk rata. 4. Tuang santan, masak hingga labu siam matang dan kuah mengental. 5. Sajikan kuah sayur di atas lontong, lengkapi dengan telur dan kerupuk.",40,4,Mudah,santan;sarapan;sayur
22,Nasi Uduk Betawi,Makanan Utama,Jakarta,500 gr beras; 300 ml santan; 2 lembar daun salam; 2 batang serai; 2 cm lengkuas; garam secukupnya; ayam goreng dan sambal kacang sebagai pelengkap,"1. Cuci beras hingga bersih. 2. Masak santan bersama daun salam, serai, lengkuas, dan garam hingga mendidih. 3. Tuang ke beras, kukus atau masak dengan rice cooker hingga matang. 4. Aduk nasi agar santan merata. 5. Sajikan dengan ayam goreng, telur dadar, dan sambal kacang.",45,5,Mudah,santan;sarapan;nasi
23,Ayam Bakar Bumbu Kecap,Makanan Utama,Indonesia,500 gr ayam potong; 5 butir bawang merah; 3 siung bawang putih; 2 buah cabai merah; 4 sdm kecap manis; 2 cm lengkuas; daun jeruk; garam dan gula secukupnya,"1. Haluskan bawang merah, bawang putih, dan cabai merah. 2. Tumis bumbu halus bersama lengkuas dan daun jeruk hingga harum. 3. Masukkan ayam, kecap manis, garam, dan gula, masak hingga bumbu meresap. 4. Bakar ayam di atas bara api sambil dioles sisa bumbu hingga matang dan harum. 5. Sajikan dengan sambal dan lalapan.",50,4,Sedang,panggang;ayam;manis
24,Ikan Bakar Bumbu Rica,Makanan Utama,Sulawesi Utara,"500 gr ikan kembung; 10 buah cabai merah; 5 buah cabai rawit; 6 butir bawang merah; 3 siung bawang putih; 2 batang daun bawang; jeruk nipis, garam, dan gula secukupnya","1. Lumuri ikan dengan air jeruk nipis dan garam, diamkan sebentar. 2. Haluskan cabai merah, cabai rawit, bawang merah, dan bawang putih. 3. Tumis bumbu halus bersama daun bawang hingga harum dan matang. 4. Lumuri ikan dengan sebagian bumbu, bakar sambil dioles bumbu hingga matang. 5. Sajikan ikan dengan sisa bumbu rica di atasnya.",40,3,Sedang,pedas;ikan;panggang
25,Pecel Lele,Makanan Utama,Jawa Timur,4 ekor lele; 5 buah cabai rawit; 3 buah cabai merah; 4 butir bawang merah; 2 siung bawang putih; 1 buah tomat; garam dan gula secukupnya; minyak untuk menggoreng,"1. Bersihkan lele, lumuri dengan garam, goreng hingga matang dan kering. 2. Goreng cabai rawit, cabai merah, bawang merah, bawang putih, dan tomat sebentar. 3. Haluskan bersama garam dan gula menjadi sambal. 4. Sajikan lele goreng dengan sambal dan lalapan seperti timun dan kemangi.",30,4,Mudah,pedas;ikan;goreng
26,Sup Ayam Bening,Sup,Indonesia,"300 gr ayam potong; 2 buah wortel potong; 1 buah kentang potong; 3 siung bawang putih; 1 batang daun bawang; garam, gula, dan merica secukupnya","1. Rebus ayam hingga matang, sisihkan kaldu. 2. Tumis bawang putih hingga harum, masukkan ke dalam kaldu. 3. Masukkan wortel dan kentang, masak hingga empuk. 4. Beri garam, gula, dan merica. 5. Taburi daun bawang sebelum disajikan.",35,4,Mudah,berkuah;ayam;ringan
27,Sup Buntut Sapi,Sup,Indonesia,500 gr buntut sapi; 2 buah wortel potong; 2 buah kentang potong; 5 butir bawang merah; 3 siung bawang putih; pala bubuk; daun bawang dan seledri untuk taburan,"1. Rebus buntut sapi hingga empuk, buang lemak yang mengapung. 2. Haluskan bawang merah dan bawang putih, tumis hingga harum. 3. Masukkan tumisan bumbu, wortel, dan kentang ke dalam rebusan buntut. 4. Bumbui dengan garam, merica, dan pala bubuk. 5. Masak hingga sayuran matang, taburi daun bawang dan seledri sebelum disajikan.",120,5,Sedang,berkuah;daging;mewah
28,Kari Ayam,Makanan Utama,Indonesia,500 gr ayam potong; 400 ml santan; 6 butir bawang merah; 4 siung bawang putih; 3 cm kunyit; 1 sdm bubuk kari; 2 batang serai; 2 buah kentang potong; garam dan gula secukupnya,"1. Haluskan bawang merah, bawang putih, dan kunyit. 2. Tumis bumbu halus bersama serai dan bubuk kari hingga harum. 3. Masukkan ayam dan kentang, aduk rata. 4. Tuang santan, masak dengan api kecil hingga ayam dan kentang matang. 5. Koreksi rasa dengan garam dan gula, masak hingga kuah mengental.",60,5,Sedang,santan;ayam;rempah
29,Semur Daging,Makanan Utama,Indonesia,500 gr daging sapi potong; 6 butir bawang merah; 4 siung bawang putih; 2 cm jahe; 1 buah pala; 5 sdm kecap manis; 2 batang daun bawang; garam dan gula secukupnya,"1. Haluskan bawang merah, bawang putih, jahe, dan pala. 2. Tumis bumbu halus hingga harum. 3. Masukkan daging, aduk hingga berubah warna. 4. Tambahkan kecap manis dan air, masak dengan api kecil hingga daging empuk dan kuah mengental. 5. Taburi daun bawang sebelum disajikan.",90,5,Sedang,manis;daging;berkuah
30,Oseng Kangkung,Sayur,Indonesia,2 ikat kangkung; 4 buah cabai merah; 4 butir bawang merah; 2 siung bawang putih; terasi secukupnya; garam dan gula secukupnya,"1. Iris cabai merah, bawang merah, dan bawang putih. 2. Tumis bumbu iris bersama terasi hingga harum. 3. Masukkan kangkung, aduk cepat dengan api besar. 4. Beri garam dan gula. 5. Masak sebentar agar kangkung tetap renyah, angkat dan sajikan.",15,3,Mudah,vegetarian;cepat;pedas
31,Terong Balado,Sayur,Sumatera Barat,3 buah terong potong; 8 buah cabai merah; 5 butir bawang merah; 3 siung bawang putih; garam dan gula secukupnya; minyak untuk menggoreng,"1. Goreng terong sebentar hingga layu, sisihkan. 2. Haluskan cabai merah, bawang merah, dan bawang putih. 3. Tumis bumbu halus hingga harum dan matang. 4. Masukkan terong goreng, aduk rata dengan bumbu. 5. Beri garam dan gula, masak sebentar lalu angkat.",25,3,Mudah,vegetarian;pedas;goreng
32,Telur Balado,Lauk,Sumatera Barat,5 butir telur rebus; 8 buah cabai merah; 5 butir bawang merah; 3 siung bawang putih; garam dan gula secukupnya; minyak untuk menumis,"1. Goreng telur rebus sebentar hingga permukaannya sedikit kering. 2. Haluskan cabai merah, bawang merah, dan bawang putih. 3. Tumis bumbu halus hingga harum dan matang. 4. Masukkan telur goreng, aduk hingga terbalut bumbu. 5. Beri garam dan gula, masak sebentar lalu angkat.",20,3,Mudah,pedas;telur;cepat
33,Ayam Rica-Rica,Makanan Utama,Sulawesi Utara,"500 gr ayam potong; 10 buah cabai rawit; 5 buah cabai merah; 6 butir bawang merah; 3 siung bawang putih; 2 batang daun bawang; jeruk nipis, garam, dan gula secukupnya","1. Lumuri ayam dengan air jeruk nipis dan garam. 2. Haluskan cabai rawit, cabai merah, bawang merah, dan bawang putih. 3. Tumis bumbu halus hingga harum dan matang. 4. Masukkan ayam, aduk rata, masak hingga ayam matang dan bumbu meresap. 5. Taburi daun bawang sebelum disajikan.",45,4,Sedang,pedas;ayam;khas daerah
34,Sayur Lodeh,Sayur,Jawa,200 gr labu siam potong; 100 gr kacang panjang; 2 buah terong potong; 300 ml santan; 5 butir bawang merah; 3 siung bawang putih; 2 cm lengkuas; daun salam; garam dan gula secukupnya,"1. Haluskan bawang merah dan bawang putih. 2. Tumis bumbu halus bersama lengkuas dan daun salam hingga harum. 3. Masukkan labu siam, kacang panjang, dan terong, aduk rata. 4. Tuang santan, masak hingga sayuran matang dan kuah mengental. 5. Koreksi rasa dengan garam dan gula sebelum diangkat.",35,4,Mudah,santan;vegetarian;sayur
35,Asinan Sayur Betawi,Salad,Jakarta,"100 gr kol iris; 100 gr tauge; 2 buah wortel potong korek api; 100 gr tahu kuning potong; 8 buah cabai rawit; cuka, gula, dan garam secukupnya; kacang tanah goreng untuk taburan","1. Rendam sayuran dalam air panas sebentar lalu tiriskan dan dinginkan. 2. Haluskan cabai rawit dengan garam dan gula. 3. Campurkan dengan air dan cuka secukupnya untuk membuat kuah asinan. 4. Susun sayuran dan tahu di mangkuk, siram dengan kuah asinan. 5. Taburi kacang tanah goreng sebelum disajikan dingin.",20,4,Mudah,vegetarian;segar;asam
36,Rujak Buah,Camilan,Indonesia,1 buah mangga muda; 1 buah bengkuang; 1 buah nanas; 1 buah jambu air; 100 gr gula merah; 5 buah cabai rawit; asam jawa dan garam secukupnya,"1. Kupas dan potong semua buah sesuai selera. 2. Haluskan gula merah, cabai rawit, asam jawa, dan garam menjadi bumbu rujak. 3. Tambahkan sedikit air agar bumbu tidak terlalu kental. 4. Campurkan buah dengan bumbu rujak. 5. Sajikan segera agar buah tetap segar dan renyah.",15,4,Mudah,manis;pedas;segar
37,Es Campur,Minuman,Indonesia,100 gr cincau hitam potong; 100 gr nata de coco; 1 buah alpukat; 50 gr kolang-kaling; sirup merah; susu kental manis; es serut,"1. Potong cincau dan alpukat sesuai selera. 2. Siapkan gelas saji, masukkan cincau, nata de coco, alpukat, dan kolang-kaling. 3. Tambahkan es serut secukupnya. 4. Siram dengan sirup merah dan susu kental manis. 5. Sajikan dingin segera.",15,3,Mudah,minuman;manis;dingin
38,Kolak Pisang,Camilan/Minuman,Indonesia,5 buah pisang kepok potong; 100 gr ubi potong; 200 ml santan; 100 gr gula merah; 1 lembar daun pandan; sejumput garam,"1. Rebus santan bersama daun pandan dan gula merah hingga gula larut. 2. Masukkan ubi, masak hingga setengah matang. 3. Tambahkan pisang, masak hingga semua bahan matang dan empuk. 4. Beri sejumput garam untuk menyeimbangkan rasa. 5. Sajikan hangat atau dingin sesuai selera.",30,4,Mudah,manis;santan;hangat
39,Klepon,Camilan,Jawa,250 gr tepung ketan; air daun suji untuk warna; 100 gr gula merah cincang halus; 100 gr kelapa parut kukus; sejumput garam,"1. Campur tepung ketan dengan air daun suji hingga adonan bisa dibentuk. 2. Ambil sedikit adonan, pipihkan, isi dengan gula merah cincang, bulatkan kembali. 3. Rebus klepon dalam air mendidih hingga mengapung dan matang. 4. Angkat dan gulingkan klepon di atas kelapa parut yang sudah dikukus dengan sedikit garam. 5. Sajikan selagi hangat.",40,5,Sedang,manis;tradisional;kelapa
40,Onde-Onde,Camilan,Jawa Timur,250 gr tepung ketan; 50 gr tepung beras; 100 gr kacang hijau kukus haluskan; 50 gr gula pasir; biji wijen secukupnya; minyak untuk menggoreng,"1. Campur kacang hijau halus dengan gula pasir untuk isian, bentuk bulat kecil. 2. Campur tepung ketan dan tepung beras dengan air hangat hingga kalis. 3. Ambil adonan, isi dengan adonan kacang hijau, bulatkan. 4. Gulingkan ke biji wijen hingga menutupi permukaan. 5. Goreng dengan api kecil hingga matang dan mengembang merata.",50,6,Sedang,manis;goreng;tradisional
41,Martabak Manis Mini,Camilan,Indonesia,"200 gr tepung terigu; 1 butir telur; 200 ml susu cair; 1 sdt ragi instan; 50 gr gula pasir; meses, keju, dan susu kental manis untuk topping","1. Campur tepung terigu, telur, susu, ragi, dan gula, aduk hingga rata dan tidak bergerindil. 2. Diamkan adonan selama 30 menit hingga sedikit mengembang. 3. Panaskan cetakan, tuang adonan, tutup hingga berlubang-lubang dan matang. 4. Olesi mentega, taburi meses dan keju parut sesuai selera. 5. Lipat dan potong, sajikan hangat.",45,6,Sedang,manis;camilan;populer
42,Martabak Telur,Camilan,Indonesia,2 lembar kulit lumpia; 2 butir telur; 100 gr daging cincang; 2 batang daun bawang iris; 1 siung bawang putih; garam dan merica secukupnya; minyak untuk menggoreng,"1. Tumis bawang putih dan daging cincang hingga matang, beri garam dan merica. 2. Kocok telur, campurkan dengan tumisan daging dan daun bawang. 3. Letakkan kulit lumpia, tuang adonan telur di atasnya, lipat membentuk persegi. 4. Goreng dengan minyak panas hingga kuning kecoklatan dan renyah. 5. Sajikan dengan acar dan saus cabai.",35,4,Sedang,gurih;goreng;daging
43,Risoles Sayur,Camilan,Indonesia,150 gr tepung terigu untuk kulit; 2 butir telur; 200 ml susu cair; wortel dan kentang potong dadu untuk isian; 50 gr tepung panir; minyak untuk menggoreng,"1. Buat adonan kulit dari tepung terigu, telur, dan susu, dadar tipis-tipis. 2. Tumis wortel dan kentang dengan sedikit garam dan merica untuk isian. 3. Letakkan isian di atas kulit dadar, lipat membentuk persegi panjang. 4. Celupkan ke telur kocok lalu gulingkan ke tepung panir. 5. Goreng hingga kuning kecoklatan dan renyah.",50,6,Sedang,sayur;goreng;renyah
44,Lumpia Semarang,Camilan,Jawa Tengah,10 lembar kulit lumpia; 200 gr rebung iris halus; 100 gr udang cincang; 2 siung bawang putih; 1 batang daun bawang; garam dan gula secukupnya; minyak untuk menggoreng,"1. Tumis bawang putih hingga harum, masukkan udang cincang. 2. Tambahkan rebung, garam, dan gula, masak hingga matang dan agak kering. 3. Ambil kulit lumpia, isi dengan tumisan rebung, gulung dan rapatkan ujungnya. 4. Goreng dengan minyak panas hingga kuning kecoklatan dan renyah. 5. Sajikan dengan saus cocolan manis dan acar timun.",45,5,Sedang,goreng;khas daerah;renyah
45,Pisang Goreng Crispy,Camilan,Indonesia,6 buah pisang kepok; 100 gr tepung terigu; 50 gr tepung beras; 1 sdm gula pasir; sejumput garam; air es secukupnya; minyak untuk menggoreng,"1. Campur tepung terigu, tepung beras, gula, dan garam. 2. Tambahkan air es sedikit demi sedikit hingga membentuk adonan celup yang kental. 3. Celupkan pisang ke dalam adonan hingga terbungkus rata. 4. Goreng dalam minyak panas hingga keemasan dan renyah. 5. Angkat dan tiriskan, sajikan hangat.",25,4,Mudah,manis;goreng;renyah
46,Bubur Ayam,Makanan Utama,Indonesia,"200 gr beras; 1.5 liter kaldu ayam; 200 gr ayam suwir; 2 siung bawang putih goreng; kecap manis, bawang goreng, dan kerupuk sebagai pelengkap","1. Masak beras dengan kaldu ayam hingga menjadi bubur kental, aduk sesekali agar tidak menggumpal. 2. Bumbui bubur dengan garam secukupnya. 3. Sajikan bubur dalam mangkuk, beri ayam suwir di atasnya. 4. Taburi bawang putih goreng dan bawang goreng. 5. Tambahkan kecap manis dan kerupuk sesuai selera.",40,4,Mudah,sarapan;ayam;ringan
47,Nasi Kuning,Makanan Utama,Indonesia,500 gr beras; 300 ml santan; 2 cm kunyit; 2 lembar daun salam; 2 batang serai; garam secukupnya; ayam goreng dan telur balado sebagai pelengkap,"1. Cuci beras hingga bersih. 2. Haluskan kunyit, campurkan dengan santan, daun salam, serai, dan garam, masak hingga mendidih. 3. Tuang ke beras, kukus atau masak dengan rice cooker hingga matang. 4. Aduk nasi agar warna kuning merata. 5. Sajikan dengan ayam goreng, telur balado, dan kerupuk.",45,5,Mudah,santan;perayaan;nasi
48,Ketupat Sayur Padang,Makanan Utama,Sumatera Barat,4 buah ketupat potong; 200 gr labu siam potong; 200 ml santan; 5 butir bawang merah; 3 siung bawang putih; 2 cm kunyit; daun salam; garam dan gula secukupnya,"1. Haluskan bawang merah, bawang putih, dan kunyit. 2. Tumis bumbu halus bersama daun salam hingga harum. 3. Masukkan labu siam, aduk rata. 4. Tuang santan, masak hingga labu siam matang dan kuah mengental. 5. Sajikan kuah sayur di atas potongan ketupat.",40,4,Mudah,santan;sarapan;khas daerah
49,Gulai Ikan Kakap,Makanan Utama,Sumatera,500 gr ikan kakap potong; 400 ml santan; 6 butir bawang merah; 4 siung bawang putih; 3 cm kunyit; 2 batang serai; daun kunyit; cabai merah dan garam secukupnya,"1. Haluskan bawang merah, bawang putih, kunyit, dan cabai merah. 2. Tumis bumbu halus bersama serai dan daun kunyit hingga harum. 3. Tuang santan, masak hingga mendidih. 4. Masukkan ikan, masak dengan api kecil hingga ikan matang dan bumbu meresap. 5. Koreksi rasa dengan garam sebelum diangkat.",40,4,Sedang,santan;ikan;pedas
50,Asam Padeh Ikan,Makanan Utama,Sumatera Barat,500 gr ikan tongkol potong; 10 buah cabai merah; 6 butir bawang merah; 3 siung bawang putih; 2 cm lengkuas; asam kandis; daun kunyit; garam secukupnya,"1. Haluskan cabai merah, bawang merah, dan bawang putih. 2. Tumis bumbu halus bersama lengkuas dan daun kunyit hingga harum. 3. Tambahkan air dan asam kandis, masak hingga mendidih. 4. Masukkan ikan, masak hingga matang dan kuah mengental kemerahan. 5. Koreksi rasa dengan garam sebelum diangkat.",35,4,Sedang,pedas;asam;ikan
51,Dendeng Balado,Lauk,Sumatera Barat,300 gr daging sapi iris tipis; 8 buah cabai merah; 5 butir bawang merah; 3 siung bawang putih; garam dan gula secukupnya; minyak untuk menggoreng,"1. Lumuri daging dengan garam, jemur atau goreng kering hingga renyah. 2. Haluskan cabai merah, bawang merah, dan bawang putih. 3. Tumis bumbu halus hingga harum dan matang. 4. Masukkan dendeng goreng, aduk hingga terbalut bumbu balado merata. 5. Beri garam dan gula, masak sebentar lalu angkat.",45,4,Sedang,pedas;daging;khas daerah
52,Sambal Terasi,Sambal,Indonesia,10 buah cabai merah; 5 buah cabai rawit; 2 butir bawang merah; 1 sdt terasi bakar; 1 buah tomat; garam dan gula secukupnya,"1. Goreng atau rebus cabai merah, cabai rawit, bawang merah, dan tomat hingga layu. 2. Bakar terasi sebentar hingga harum. 3. Haluskan semua bahan bersama terasi, garam, dan gula. 4. Koreksi rasa sesuai selera tingkat kepedasan. 5. Sajikan sebagai pelengkap berbagai hidangan.",15,4,Mudah,pedas;sambal;pelengkap
53,Urap Sayur,Sayur,Jawa,100 gr kangkung rebus; 100 gr tauge rebus; 100 gr kacang panjang rebus; 100 gr kelapa parut kukus; 3 buah cabai merah; 2 siung bawang putih; gula merah dan garam secukupnya,"1. Haluskan cabai merah, bawang putih, gula merah, dan garam. 2. Campurkan bumbu halus dengan kelapa parut kukus, aduk rata menjadi sambal urap. 3. Campurkan sayuran rebus dengan sambal urap. 4. Aduk hingga sayuran terbalut bumbu kelapa secara merata. 5. Sajikan sebagai pendamping nasi.",25,4,Mudah,vegetarian;kelapa;sayur
54,Tom Yum Seafood,Sup,Asia Tenggara,200 gr udang; 100 gr cumi-cumi; 2 batang serai memarkan; 5 lembar daun jeruk; 3 buah cabai rawit memarkan; 2 sdm air jeruk nipis; jamur dan tomat secukupnya,"1. Rebus air bersama serai dan daun jeruk hingga harum. 2. Masukkan jamur dan tomat, masak sebentar. 3. Tambahkan udang dan cumi-cumi, masak hingga matang. 4. Beri cabai rawit memarkan, garam, dan gula. 5. Matikan api, beri air jeruk nipis sebelum disajikan agar rasa asam segar tetap terjaga.",30,3,Sedang,berkuah;seafood;pedas asam
